Name,Description,Path,,,,,,,,,,,,,
Manually_checkig_gencode_versions,his code is meant for manually checking gencode versions.,/labs/smontgom/grps_smontgom/hkrupkin/GxE/Code/Manually_checkig_gencode_versions.R,,,,,,,,,,,,,
Creating_TensorQTL_Appropriate_FilesV2,"this is an R script meant to create all the files needed to run tensor QTL, it is improved upon the previsous version as we need the interaction terms to be in a seprate file",/labs/smontgom/grps_smontgom/hkrupkin/GxE/Code/Creating_TensorQTL_Appropriate_FilesV2.R,,,,,,,,,,,,,
Examining_GenePathWays_From_GxE_Analysis,This script is meant to take all the signficant hits from GxE. #and looking if the genes from the gene expression or the regions from the methylations are all from specific pathways,/oak/stanford/groups/smontgom/hkrupkin/Code/Examining_GenePathWays_From_GxE_Analysis.R,,,,,,,,,,,,,
Examining_GxE_Variants.R,Examining_GxE_Variants,/oak/stanford/groups/smontgom/hkrupkin/Code/Examining_GxE_Variants.R,,,,,,,,,,,,,
QQplots_and_Inflation_Factors_GxE_Analysis,making QQ plots and measuring inflation factors for GxE analyses###########,/oak/stanford/groups/smontgom/hkrupkin/Code/QQplots_and_Inflation_Factors_GxE_Analysis.R,,,,,,,,,,,,,
reviewing_GxE_Pathways,This script is meant to load GxE pathway hits from the script /oak/stanford/groups/smontgom/hkrupkin/Code/Examining_GenePathWays_From_GxE_Analysis.R,/oak/stanford/groups/smontgom/hkrupkin/Code/reviewing_GxE_Pathways.R,,,,,,,,,,,,,
correlating_phenotypes_with_eigenFeatures_simple,This script is meant to examine the correlaiton between phenotypes and eigenFeatures in GxE analysis somply with age + sex +variable~phenotype (eigen feature),/oak/stanford/groups/smontgom/hkrupkin/GxE/Code/correlating_phenotypes_with_eigenFeatures_simple.R,,,,,,,,,,,,,
Annotating_Methylation_DataV2,"add to methylation data whether CpG is in a gene and which ENSEMBL gene(s),",/oak/stanford/groups/smontgom/hkrupkin/Code/Annotating_Methylation_DataV2.R,,,,,,,,,,,,,
Examine_Coloc_results_fairfex_versus_GxE,this script is meant to examine the results from the colonization between FairFex and GxE,/oak/stanford/groups/smontgom/hkrupkin/Code/Examine_Coloc_results_fairfex_versus_GxE.R,,,,,,,,,,,,,
manhatan_plotting_one_metabolite,make a manhatan plot for one tested thingy for GxE,/oak/stanford/groups/smontgom/hkrupkin/GxE/Code/manhatan_plotting_one_metabolite.R,,,,,,,,,,,,,
summary_tpms_for_transcriptome_GxE,This script is meant to average to get the per cell type averages across samples,/oak/stanford/groups/smontgom/hkrupkin/GxE/Code/summary_tpms_for_transcriptome_GxE.R,,,,,,,,,,,,,
saver_of_gwases_simplified,This scritp is meant to get only active loci from GWAS thus its usefull for coloc,/labs/smontgom/grps_smontgom/hkrupkin/GxE/Code/saver_of_gwases_simplified.R,,,,,,,,,,,,,
saver_of_GxE_simplified,This scritp is meant to get only active loci from GxE thus its usefull for coloc,/labs/smontgom/grps_smontgom/hkrupkin/GxE/Code/saver_of_GxE_simplified.R,,,,,,,,,,,,,
code_to_replicate_in_R,"we are reverse engineerign tensorQTL to be able to replicate a single interaction from the GxE analysis we did, in R",/labs/smontgom/grps_smontgom/hkrupkin/GxE/Code/single_variant_example_tensorQTL/code_to_replicate_in_R.R,,,,,,,,,,,,,
fisher_gene_fairfex,This is a fisher test between fairfex and GxE results at a gene leve,/labs/smontgom/grps_smontgom/hkrupkin/Code/fisher_gene_fairfex.R,,,,,,,,,,,,,
saver_of_GxE_simplifiedV2,This saves the files prior to running using coloc and viewV2/V3. it makes it possible to run the colocs fast as it saves the GxE interaction data per test to be able to run agaisnt many gwases fast,/labs/smontgom/grps_smontgom/hkrupkin/GxE/Code/saver_of_GxE_simplifiedV2.R,,,,,,,,,,,,,
Metaoblite_Enrichment_Code,This file is meant to check what annotations/pathways each module of metabolites is associated with,/oak/stanford/groups/smontgom/hkrupkin/Code/Metaoblite_Enrichment_Code.R,,,,,,,,,,,,,
PVE_per_each_Module_metabolote_and_proteome,"better ploting of pve, such that we see both and the plot looks better.",/labs/smontgom/grps_smontgom/hkrupkin/GxE/Code/PVE_per_each_Module_metabolote_and_proteome.R,,,,,,,,,,,,,
predictions_of_hits,this is the script to plot the prediction of what will be a hit based on expression and specificity of the gene :),/oak/stanford/groups/smontgom/hkrupkin/GxE/Code/predictions_of_hits.R,,,,,,,,,,,,,
Single_example_good_example_plot,this script generates many single varaint examples of hits :),/labs/smontgom/grps_smontgom/hkrupkin/GxE/Code/single_variant_example_tensorQTL/Single_example_good_example_plot.R,,,,,,,,,,,,,
testing_proportion_of_each_cell_type_in_cohort,This script visualzies the proportion of a cell type per sample using cibersort info,~/testing_proportion_of_each_cell_type_in_cohort.R,,,,,,,,,,,,,
predictions_of_hits_methylation,"this is equvilent to the analysis we did in the transcriptome, where we tried to predict if a region is a GxE hit or not, based on other stats",/oak/stanford/groups/smontgom/hkrupkin/GxE/Code/predictions_of_hits_methylation.R,,,,,,,,,,,,,
summary_methylation_GxE,"this is getting the summary stats for methylation across cell types for MESA, used for providing proof of concept for prediciting if a gene is going to be a GxE.",/oak/stanford/groups/smontgom/hkrupkin/GxE/Code/summary_methylation_GxE.R,,,,,,,,,,,,,
comparing_overlap_GxE_between_assays_and_omes,this examined hubs genes and checks what makes genes shared across enviroments.,/labs/smontgom/grps_smontgom/hkrupkin/GxE/Code/comparing_overlap_GxE_between_assays_and_omes.R,,,,,,,,,,,,,
enrichrR_maire_code,protein gene enrichment on the eigenFeatures from GxE,/oak/stanford/groups/smontgom/hkrupkin/GxE/Code/enrichrR_maire_code.R,,,,,,,,,,,,,
reviewing_enrichR_outputs,this code works based on the enrichrR_maire_code and its purpose is to review the outputs from it and plot them and create a supplemtary file,/oak/stanford/groups/smontgom/mahuynh/metabolites/reviewing_enrichR_outputs.R,,,,,,,,,,,,,
split_qtl,this is the code to save a split file of the tensorQTLs interaction GxE eahc module gets its own file,/oak/stanford/groups/smontgom/hkrupkin/GxE/Code/split_qtl.sh,,,,,,,,,,,,,
submitted_split_qtl,this runs the split_qtl in an arrayed manner,/oak/stanford/groups/smontgom/hkrupkin/GxE/Code/submitted_split_qtl.sh,,,,,,,,,,,,,
MEM_and_gene_Pleitropy,"this analysis identifies which MEMs and genes have pleiotropy, so they overlap by genes/MEMs.",/labs/smontgom/grps_smontgom/hkrupkin/GxE/Code/MEM_and_gene_Pleitropy,,,,,,,,,,,,,
explainabiltiy_of_xgboosted_GxE_predictions,This calcualtes the shap values to have variable imporantce for the xgboosted trees.,/labs/smontgom/grps_smontgom/hkrupkin/GxE/Code/explainabiltiy_of_xgboosted_GxE_predictions.R,,,,,,,,,,,,,
backup_saving_plotter_of_GxE_colocs,this creates the plots for colocs,/labs/smontgom/grps_smontgom/hkrupkin/Code/backup_saving_plotter_of_GxE_colocs.R,,,,,,,,,,,,,
creating_correlations_plot,This creates a correlations plot between the metabolic and proteomic MEMs,/labs/smontgom/grps_smontgom/hkrupkin/GxE/Code/creating_correlations_plot.R,,,,,,,,,,,,,
backup_saving_plotter_of_GxE_colocsV2_main_effect,Thisi s what is used to plot the main effect colocs,/labs/smontgom/grps_smontgom/hkrupkin/GxE/Code/coloc_and_viewV4_main_effect.R,,,,,,,,,,,,,
coloc_and_viewV4,This is what is actually run to calcualte the coloc values for the GxEs,/labs/smontgom/grps_smontgom/hkrupkin/GxE/Code/coloc_and_viewV4.R,,,,,,,,,,,,,
coloc_and_viewV4_main_effect,This is what is actually run to calculate the colocs between the main effect Gs and the gwases,/labs/smontgom/grps_smontgom/hkrupkin/GxE/Code/coloc_and_viewV4.sh,,,,,,,,,,,,,
,,,,,,,,,,,,,,,
,,,,,,,,,,,,,,,
,,,,,,,,,,,,,,,
,,,,,,,,,,,,,,,
,,,,,,,,,,,,,,,
,,,,,,,,,,,,,,,
,,,,,,,,,,,,,,,
,,,,,,,,,,,,,,,
,,,,,,,,,,,,,,,
,,,,,,,,,,,,,,,
,,,,,,,,,,,,,,,
,,,,,,,,,,,,,,,
,,,,,,,,,,,,,,,
,,,,,,,,,,,,,,,
,,,,,,,,,,,,,,,
,,,,,,,,,,,,,,,
,,,,,,,,,,,,,,,
,,,,,,,,,,,,,,,
,,,,,,,,,,,,,,,
,,,,,,,,,,,,,,,
,,,,,,,,,,,,,,,
,,,,,,,,,,,,,,,
,,,,,,,,,,,,,,,
,,,,,,,,,,,,,,,
,,,,,,,,,,,,,,,
,,,,,,,,,,,,,,,
,,,,,,,,,,,,,,,
,,,,,,,,,,,,,,,
,,,,,,,,,,,,,,,
,,,,,,,,,,,,,,,
,,,,,,,,,,,,,,,
,,,,,,,,,,,,,,,
,,,,,,,,,,,,,,,
,,,,,,,,,,,,,,,
,,,,,,,,,,,,,,,
,,,,,,,,,,,,,,,
,,,,,,,,specific_example_EigenFeature_to_cell_type_to_pathway,Haim Krupkin,04/27/2026,"This script is used to identifiy a specific example with multiple steps of association, all the way from the metabolites found in the module/eigenFeature to the coloc and the genes associated with the eigenFeature via GxE analysis",,/labs/smontgom/grps_smontgom/hkrupkin/GxE/Code/specific_example_EigenFeature_to_cell_type_to_pathway.R,scg,GxE